entry_name,saved_mol_path,mapping_csv_path,mapping_status,overall_status,align_status,post_flip_applied,host_refine_status,host_atoms_used_in_refine,host_rmsd_before_refine,host_rmsd_after_refine,n_frags_in_input,frag_sizes_in_input,host_atoms_total,host_atoms_heavy_noH,host_core_atoms_heavy_noH,guest_atoms_total,guest_atoms_heavy_noH,guest_depth_A_from_midpoint_to_O6,guest_depth_A_from_ref_midpoint_to_O6,guest_angle_deg_vs_axis,guest_rmsd_noH,guest_rmsd_status,guest_atoms_used_in_rmsd,guest_match_mode,guest_full_match_coverage_percent,guest_mcs_coverage_percent,guest_orientation,guest_orientation_status,guest_orientation_span_A,guest_orientation_distance_A,guest_orientation_atom_pair,guest_orientation_atoms_used,match_ref_matches_count,match_prb_matches_count,match_total_pairings,match_mapping_is_unique,match_best_rmsd_is_tie,match_best_rmsd_second_best_delta,guest_smiles_original_debug,guest_smiles_matching_debug,guest_ref_heavy_noH
A_Complex_A_midplaneZY (ref_unmodif),C:\Users\user_name\AppData\Local\Temp\CDGA_Tool_processed_molfiles\CDGA_Align_molfiles\A_Complex_A_midplaneZY_(ref_unmodif).mol,,ref,ref,ref_noflip,0,ref,0,,,2,"147,28",147,77,49,28,15,-0.186406327,-0.186406327,31.091701631709356,,ref,0,ref,,,,ref,,,ref,0,,,,,,,REF=[NH:148]([C@H:149]([C:150](=[O:151])[OH:152])[CH2:153][C:154]1:[CH:155]:[CH:157]:[CH:159]:[CH:158]:[CH:156]:1)[C:161]([CH3:160])=[O:162] | PRB=[NH:148]([C@H:149]([C:150](=[O:151])[OH:152])[CH2:153][C:154]1:[CH:155]:[CH:157]:[CH:159]:[CH:158]:[CH:156]:1)[C:161]([CH3:160])=[O:162],REF=[N:148]([C:149]([C:150]([O:151])[O:152])[C:153][C:154]1[C:155][C:157][C:159][C:158][C:156]1)[C:161]([C:160])[O:162] | PRB=[N:148]([C:149]([C:150]([O:151])[O:152])[C:153][C:154]1[C:155][C:157][C:159][C:158][C:156]1)[C:161]([C:160])[O:162],15
Complex_A_midplaneZY ( 2A),C:\Users\user_name\AppData\Local\Temp\CDGA_Tool_processed_molfiles\CDGA_Align_molfiles\Complex_A_midplaneZY_(_2A).mol,C:\Users\user_name\AppData\Local\Temp\CDGA_Tool_processed_molfiles\CDGA_Align_molfiles\Matching_atoms\Complex_A_midplaneZY_(_2A).csv,ok,ok,ok_axis_frame_noflip,0,ok,49,1.97537E-15,1.97537E-15,2,"147,28",147,77,49,28,15,-2.185518885,-2.185518885,31.09170206988846,1.9999947050448867,ok,15,full_guest_strict,100,,1,ok,7.495684849816523,7.495684951192015,A: O151->O151 | B: C159->C159,15,1,3,3,1,0,0.35734875585471637,REF=[NH:148]([C@H:149]([C:150](=[O:151])[OH:152])[CH2:153][C:154]1:[CH:155]:[CH:157]:[CH:159]:[CH:158]:[CH:156]:1)[C:161]([CH3:160])=[O:162] | PRB=[NH:148]([C@H:149]([C:150](=[O:151])[OH:152])[CH2:153][C:154]1:[CH:155]:[CH:157]:[CH:159]:[CH:158]:[CH:156]:1)[C:161]([CH3:160])=[O:162],REF=[N:148]([C:149]([C:150]([O:151])[O:152])[C:153][C:154]1[C:155][C:157][C:159][C:158][C:156]1)[C:161]([C:160])[O:162] | PRB=[N:148]([C:149]([C:150]([O:151])[O:152])[C:153][C:154]1[C:155][C:157][C:159][C:158][C:156]1)[C:161]([C:160])[O:162],15
Complex_A_midplaneZY ( 2A_180y),C:\Users\user_name\AppData\Local\Temp\CDGA_Tool_processed_molfiles\CDGA_Align_molfiles\Complex_A_midplaneZY_(_2A_180y).mol,C:\Users\user_name\AppData\Local\Temp\CDGA_Tool_processed_molfiles\CDGA_Align_molfiles\Matching_atoms\Complex_A_midplaneZY_(_2A_180y).csv,ok,ok,ok_axis_frame_noflip,0,ok,49,1.97537E-15,1.97537E-15,2,"147,28",147,77,49,28,15,-2.380848003,-2.380848003,32.61299006,5.692236506,ok,15,full_guest_strict,100,,0,ok,7.495684849816523,7.495684852949951,A: O151->O151 | B: C159->C159,15,1,3,3,1,0,0.13348546122356453,REF=[NH:148]([C@H:149]([C:150](=[O:151])[OH:152])[CH2:153][C:154]1:[CH:155]:[CH:157]:[CH:159]:[CH:158]:[CH:156]:1)[C:161]([CH3:160])=[O:162] | PRB=[NH:148]([C@H:149]([C:150](=[O:151])[OH:152])[CH2:153][C:154]1:[CH:155]:[CH:157]:[CH:159]:[CH:158]:[CH:156]:1)[C:161]([CH3:160])=[O:162],REF=[N:148]([C:149]([C:150]([O:151])[O:152])[C:153][C:154]1[C:155][C:157][C:159][C:158][C:156]1)[C:161]([C:160])[O:162] | PRB=[N:148]([C:149]([C:150]([O:151])[O:152])[C:153][C:154]1[C:155][C:157][C:159][C:158][C:156]1)[C:161]([C:160])[O:162],15
Complex_A_midplaneZY ( 4A_complex),C:\Users\user_name\AppData\Local\Temp\CDGA_Tool_processed_molfiles\CDGA_Align_molfiles\Complex_A_midplaneZY_(_4A_complex).mol,C:\Users\user_name\AppData\Local\Temp\CDGA_Tool_processed_molfiles\CDGA_Align_molfiles\Matching_atoms\Complex_A_midplaneZY_(_4A_complex).csv,ok,ok,ok_axis_frame_noflip,0,ok,49,1.17048E-07,1.17048E-07,2,"147,28",147,77,49,28,15,-0.186406365,-0.186406345,31.091701688673346,1.2834E-07,ok,15,full_guest_strict,100,,1,ok,7.495684849816523,7.495684751574463,A: O151->O151 | B: C159->C159,15,1,3,3,1,0,1.247833730959503,REF=[NH:148]([C@H:149]([C:150](=[O:151])[OH:152])[CH2:153][C:154]1:[CH:155]:[CH:157]:[CH:159]:[CH:158]:[CH:156]:1)[C:161]([CH3:160])=[O:162] | PRB=[NH:148]([C@H:149]([C:150](=[O:151])[OH:152])[CH2:153][C:154]1:[CH:155]:[CH:157]:[CH:159]:[CH:158]:[CH:156]:1)[C:161]([CH3:160])=[O:162],REF=[N:148]([C:149]([C:150]([O:151])[O:152])[C:153][C:154]1[C:155][C:157][C:159][C:158][C:156]1)[C:161]([C:160])[O:162] | PRB=[N:148]([C:149]([C:150]([O:151])[O:152])[C:153][C:154]1[C:155][C:157][C:159][C:158][C:156]1)[C:161]([C:160])[O:162],15
Complex_A_midplaneZY (-1charge),C:\Users\user_name\AppData\Local\Temp\CDGA_Tool_processed_molfiles\CDGA_Align_molfiles\Complex_A_midplaneZY_(-1charge).mol,C:\Users\user_name\AppData\Local\Temp\CDGA_Tool_processed_molfiles\CDGA_Align_molfiles\Matching_atoms\Complex_A_midplaneZY_(-1charge).csv,ok,ok,ok_axis_frame_noflip,0,ok,49,1.97537E-15,1.97537E-15,2,"147,27",147,77,49,27,15,-0.186406327,-0.186406327,31.091701631709356,8.7051E-16,ok,15,full_guest_topology_relaxed,100,,1,ok,7.495684849816523,7.495684849816521,A: O151->O151 | B: C159->C159,15,1,4,4,1,0,0.8135370771980419,REF=[NH:148]([C@H:149]([C:150](=[O:151])[OH:152])[CH2:153][C:154]1:[CH:155]:[CH:157]:[CH:159]:[CH:158]:[CH:156]:1)[C:161]([CH3:160])=[O:162] | PRB=[NH:148]([C@H:149]([C:150](=[O:151])[O-:152])[CH2:153][C:154]1:[CH:155]:[CH:157]:[CH:159]:[CH:158]:[CH:156]:1)[C:161]([CH3:160])=[O:162],REF=[N:148]([C:149]([C:150]([O:151])[O:152])[C:153][C:154]1[C:155][C:157][C:159][C:158][C:156]1)[C:161]([C:160])[O:162] | PRB=[N:148]([C:149]([C:150]([O:151])[O-:152])[C:153][C:154]1[C:155][C:157][C:159][C:158][C:156]1)[C:161]([C:160])[O:162],15
Complex_A_midplaneZY (-3A),C:\Users\user_name\AppData\Local\Temp\CDGA_Tool_processed_molfiles\CDGA_Align_molfiles\Complex_A_midplaneZY_(-3A).mol,C:\Users\user_name\AppData\Local\Temp\CDGA_Tool_processed_molfiles\CDGA_Align_molfiles\Matching_atoms\Complex_A_midplaneZY_(-3A).csv,ok,ok,ok_axis_frame_noflip,0,ok,49,1.97537E-15,1.97537E-15,2,"147,28",147,77,49,28,15,2.8127769194378347,2.8127769194378347,31.091702397662466,3.0000493597654416,ok,15,full_guest_strict,100,,1,ok,7.495684849816523,7.495684969074955,A: O151->O151 | B: C159->C159,15,1,3,3,1,0,0.24916370399553278,REF=[NH:148]([C@H:149]([C:150](=[O:151])[OH:152])[CH2:153][C:154]1:[CH:155]:[CH:157]:[CH:159]:[CH:158]:[CH:156]:1)[C:161]([CH3:160])=[O:162] | PRB=[NH:148]([C@H:149]([C:150](=[O:151])[OH:152])[CH2:153][C:154]1:[CH:155]:[CH:157]:[CH:159]:[CH:158]:[CH:156]:1)[C:161]([CH3:160])=[O:162],REF=[N:148]([C:149]([C:150]([O:151])[O:152])[C:153][C:154]1[C:155][C:157][C:159][C:158][C:156]1)[C:161]([C:160])[O:162] | PRB=[N:148]([C:149]([C:150]([O:151])[O:152])[C:153][C:154]1[C:155][C:157][C:159][C:158][C:156]1)[C:161]([C:160])[O:162],15
Complex_A_midplaneZY (-50z),C:\Users\user_name\AppData\Local\Temp\CDGA_Tool_processed_molfiles\CDGA_Align_molfiles\Complex_A_midplaneZY_(-50z).mol,C:\Users\user_name\AppData\Local\Temp\CDGA_Tool_processed_molfiles\CDGA_Align_molfiles\Matching_atoms\Complex_A_midplaneZY_(-50z).csv,ok,ok,ok_axis_frame_noflip,0,ok,49,1.97537E-15,1.97537E-15,2,"147,28",147,77,49,28,15,-0.061320118,-0.061320118,19.360116167690112,2.2080916790078358,ok,15,full_guest_strict,100,,1,ok,7.495684849816523,7.495599442949655,A: O151->O151 | B: C159->C159,15,1,3,3,1,0,0.32242257303417166,REF=[NH:148]([C@H:149]([C:150](=[O:151])[OH:152])[CH2:153][C:154]1:[CH:155]:[CH:157]:[CH:159]:[CH:158]:[CH:156]:1)[C:161]([CH3:160])=[O:162] | PRB=[NH:148]([C@H:149]([C:150](=[O:151])[OH:152])[CH2:153][C:154]1:[CH:155]:[CH:157]:[CH:159]:[CH:158]:[CH:156]:1)[C:161]([CH3:160])=[O:162],REF=[N:148]([C:149]([C:150]([O:151])[O:152])[C:153][C:154]1[C:155][C:157][C:159][C:158][C:156]1)[C:161]([C:160])[O:162] | PRB=[N:148]([C:149]([C:150]([O:151])[O:152])[C:153][C:154]1[C:155][C:157][C:159][C:158][C:156]1)[C:161]([C:160])[O:162],15
Complex_A_midplaneZY (180y),C:\Users\user_name\AppData\Local\Temp\CDGA_Tool_processed_molfiles\CDGA_Align_molfiles\Complex_A_midplaneZY_(180y).mol,C:\Users\user_name\AppData\Local\Temp\CDGA_Tool_processed_molfiles\CDGA_Align_molfiles\Matching_atoms\Complex_A_midplaneZY_(180y).csv,ok,ok,ok_axis_frame_noflip,0,ok,49,1.97537E-15,1.97537E-15,2,"147,28",147,77,49,28,15,-0.381739766,-0.381739766,32.61299021232186,5.254013257403127,ok,15,full_guest_strict,100,,0,ok,7.495684849816523,7.495684916820493,A: O151->O151 | B: C159->C159,15,1,3,3,1,0,0.1443323476504288,REF=[NH:148]([C@H:149]([C:150](=[O:151])[OH:152])[CH2:153][C:154]1:[CH:155]:[CH:157]:[CH:159]:[CH:158]:[CH:156]:1)[C:161]([CH3:160])=[O:162] | PRB=[NH:148]([C@H:149]([C:150](=[O:151])[OH:152])[CH2:153][C:154]1:[CH:155]:[CH:157]:[CH:159]:[CH:158]:[CH:156]:1)[C:161]([CH3:160])=[O:162],REF=[N:148]([C:149]([C:150]([O:151])[O:152])[C:153][C:154]1[C:155][C:157][C:159][C:158][C:156]1)[C:161]([C:160])[O:162] | PRB=[N:148]([C:149]([C:150]([O:151])[O:152])[C:153][C:154]1[C:155][C:157][C:159][C:158][C:156]1)[C:161]([C:160])[O:162],15
Complex_A_midplaneZY (180y_complex),C:\Users\user_name\AppData\Local\Temp\CDGA_Tool_processed_molfiles\CDGA_Align_molfiles\Complex_A_midplaneZY_(180y_complex).mol,C:\Users\user_name\AppData\Local\Temp\CDGA_Tool_processed_molfiles\CDGA_Align_molfiles\Matching_atoms\Complex_A_midplaneZY_(180y_complex).csv,ok,ok,ok_axis_frame_180_noflip,0,ok,49,1.69048E-07,1.69048E-07,2,"147,28",147,77,49,28,15,-0.186406326,-0.18640633,31.09170326039683,1.06071E-07,ok,15,full_guest_strict,100,,1,ok,7.495684849816523,7.495684916820497,A: O151->O151 | B: C159->C159,15,1,3,3,1,0,1.2478337507023975,REF=[NH:148]([C@H:149]([C:150](=[O:151])[OH:152])[CH2:153][C:154]1:[CH:155]:[CH:157]:[CH:159]:[CH:158]:[CH:156]:1)[C:161]([CH3:160])=[O:162] | PRB=[NH:148]([C@H:149]([C:150](=[O:151])[OH:152])[CH2:153][C:154]1:[CH:155]:[CH:157]:[CH:159]:[CH:158]:[CH:156]:1)[C:161]([CH3:160])=[O:162],REF=[N:148]([C:149]([C:150]([O:151])[O:152])[C:153][C:154]1[C:155][C:157][C:159][C:158][C:156]1)[C:161]([C:160])[O:162] | PRB=[N:148]([C:149]([C:150]([O:151])[O:152])[C:153][C:154]1[C:155][C:157][C:159][C:158][C:156]1)[C:161]([C:160])[O:162],15
Complex_A_midplaneZY (180z),C:\Users\user_name\AppData\Local\Temp\CDGA_Tool_processed_molfiles\CDGA_Align_molfiles\Complex_A_midplaneZY_(180z).mol,C:\Users\user_name\AppData\Local\Temp\CDGA_Tool_processed_molfiles\CDGA_Align_molfiles\Matching_atoms\Complex_A_midplaneZY_(180z).csv,ok,ok,ok_axis_frame_noflip,0,ok,49,1.97537E-15,1.97537E-15,2,"147,28",147,77,49,28,15,-0.299145918,-0.299145918,30.731593716233387,5.224526127838082,ok,15,full_guest_strict,100,,0,ok,7.495684849816523,7.495661334295186,A: O151->O151 | B: C159->C159,15,1,3,3,1,0,0.12745476655242083,REF=[NH:148]([C@H:149]([C:150](=[O:151])[OH:152])[CH2:153][C:154]1:[CH:155]:[CH:157]:[CH:159]:[CH:158]:[CH:156]:1)[C:161]([CH3:160])=[O:162] | PRB=[NH:148]([C@H:149]([C:150](=[O:151])[OH:152])[CH2:153][C:154]1:[CH:155]:[CH:157]:[CH:159]:[CH:158]:[CH:156]:1)[C:161]([CH3:160])=[O:162],REF=[N:148]([C:149]([C:150]([O:151])[O:152])[C:153][C:154]1[C:155][C:157][C:159][C:158][C:156]1)[C:161]([C:160])[O:162] | PRB=[N:148]([C:149]([C:150]([O:151])[O:152])[C:153][C:154]1[C:155][C:157][C:159][C:158][C:156]1)[C:161]([C:160])[O:162],15
Complex_A_midplaneZY (2frag),C:\Users\user_name\AppData\Local\Temp\CDGA_Tool_processed_molfiles\CDGA_Align_molfiles\Complex_A_midplaneZY_(2frag).mol,C:\Users\user_name\AppData\Local\Temp\CDGA_Tool_processed_molfiles\CDGA_Align_molfiles\Matching_atoms\Complex_A_midplaneZY_(2frag).csv,ok,ok,ok_axis_frame_noflip,0,ok,49,1.97537E-15,1.97537E-15,3,"147,8,20",147,77,49,20,11,-0.805994192,-0.805994192,37.84389342283412,8.9548E-16,ok,11,mcs,,100,1,ok,7.495684849816523,7.495684849816521,A: O151->O151 | B: C159->C159,11,2,2,4,0,1,1.457156011455948,REF=[NH:148]([C@H:149]([C:150](=[O:151])[OH:152])[CH2:153][C:154]1:[CH:155]:[CH:157]:[CH:159]:[CH:158]:[CH:156]:1)[C:161]([CH3:160])=[O:162] | PRB=[CH2:149]([C:150](=[O:151])[OH:152])[CH2:153][C:154]1:[CH:155]:[CH:157]:[CH:159]:[CH:158]:[CH:156]:1,REF=[N:148]([C:149]([C:150]([O:151])[O:152])[C:153][C:154]1[C:155][C:157][C:159][C:158][C:156]1)[C:161]([C:160])[O:162] | PRB=[C:149]([C:150]([O:151])[O:152])[C:153][C:154]1[C:155][C:157][C:159][C:158][C:156]1,15
Complex_A_midplaneZY (30z),C:\Users\user_name\AppData\Local\Temp\CDGA_Tool_processed_molfiles\CDGA_Align_molfiles\Complex_A_midplaneZY_(30z).mol,C:\Users\user_name\AppData\Local\Temp\CDGA_Tool_processed_molfiles\CDGA_Align_molfiles\Matching_atoms\Complex_A_midplaneZY_(30z).csv,ok,ok,ok_axis_frame_noflip,0,ok,49,1.97537E-15,1.97537E-15,2,"147,28",147,77,49,28,15,-0.277701653,-0.277701653,60.38319162334318,1.338770425166642,ok,15,full_guest_strict,100,,1,ok,7.495684849816523,7.4956838339828575,A: O151->O151 | B: C159->C159,15,1,3,3,1,0,0.4882686128793192,REF=[NH:148]([C@H:149]([C:150](=[O:151])[OH:152])[CH2:153][C:154]1:[CH:155]:[CH:157]:[CH:159]:[CH:158]:[CH:156]:1)[C:161]([CH3:160])=[O:162] | PRB=[NH:148]([C@H:149]([C:150](=[O:151])[OH:152])[CH2:153][C:154]1:[CH:155]:[CH:157]:[CH:159]:[CH:158]:[CH:156]:1)[C:161]([CH3:160])=[O:162],REF=[N:148]([C:149]([C:150]([O:151])[O:152])[C:153][C:154]1[C:155][C:157][C:159][C:158][C:156]1)[C:161]([C:160])[O:162] | PRB=[N:148]([C:149]([C:150]([O:151])[O:152])[C:153][C:154]1[C:155][C:157][C:159][C:158][C:156]1)[C:161]([C:160])[O:162],15
Complex_A_midplaneZY (4H2O),C:\Users\user_name\AppData\Local\Temp\CDGA_Tool_processed_molfiles\CDGA_Align_molfiles\Complex_A_midplaneZY_(4H2O).mol,C:\Users\user_name\AppData\Local\Temp\CDGA_Tool_processed_molfiles\CDGA_Align_molfiles\Matching_atoms\Complex_A_midplaneZY_(4H2O).csv,ok,ok,ok_axis_frame_noflip,0,ok,49,1.97537E-15,1.97537E-15,6,"147,28,3,3,3,3",147,77,49,28,15,-0.186406327,-0.186406327,31.091701631709356,8.7051E-16,ok,15,full_guest_strict,100,,1,ok,7.495684849816523,7.495684849816521,A: O151->O151 | B: C159->C159,15,1,3,3,1,0,1.2478338580367787,REF=[NH:148]([C@H:149]([C:150](=[O:151])[OH:152])[CH2:153][C:154]1:[CH:155]:[CH:157]:[CH:159]:[CH:158]:[CH:156]:1)[C:161]([CH3:160])=[O:162] | PRB=[NH:148]([C@H:149]([C:150](=[O:151])[OH:152])[CH2:153][C:154]1:[CH:155]:[CH:157]:[CH:159]:[CH:158]:[CH:156]:1)[C:161]([CH3:160])=[O:162],REF=[N:148]([C:149]([C:150]([O:151])[O:152])[C:153][C:154]1[C:155][C:157][C:159][C:158][C:156]1)[C:161]([C:160])[O:162] | PRB=[N:148]([C:149]([C:150]([O:151])[O:152])[C:153][C:154]1[C:155][C:157][C:159][C:158][C:156]1)[C:161]([C:160])[O:162],15
Complex_A_midplaneZY (90z_complex),C:\Users\user_name\AppData\Local\Temp\CDGA_Tool_processed_molfiles\CDGA_Align_molfiles\Complex_A_midplaneZY_(90z_complex).mol,C:\Users\user_name\AppData\Local\Temp\CDGA_Tool_processed_molfiles\CDGA_Align_molfiles\Matching_atoms\Complex_A_midplaneZY_(90z_complex).csv,ok,ok,ok_axis_frame_180_noflip,0,ok,49,1.73478E-07,1.73478E-07,2,"147,28",147,77,49,28,15,-0.186406319,-0.18640632,31.091701724434174,1.0268E-07,ok,15,full_guest_strict,100,,1,ok,7.495684849816523,7.495684852949954,A: O151->O151 | B: C159->C159,15,1,3,3,1,0,1.2478337771038626,REF=[NH:148]([C@H:149]([C:150](=[O:151])[OH:152])[CH2:153][C:154]1:[CH:155]:[CH:157]:[CH:159]:[CH:158]:[CH:156]:1)[C:161]([CH3:160])=[O:162] | PRB=[NH:148]([C@H:149]([C:150](=[O:151])[OH:152])[CH2:153][C:154]1:[CH:155]:[CH:157]:[CH:159]:[CH:158]:[CH:156]:1)[C:161]([CH3:160])=[O:162],REF=[N:148]([C:149]([C:150]([O:151])[O:152])[C:153][C:154]1[C:155][C:157][C:159][C:158][C:156]1)[C:161]([C:160])[O:162] | PRB=[N:148]([C:149]([C:150]([O:151])[O:152])[C:153][C:154]1[C:155][C:157][C:159][C:158][C:156]1)[C:161]([C:160])[O:162],15
Complex_A_midplaneZY (arom1),C:\Users\user_name\AppData\Local\Temp\CDGA_Tool_processed_molfiles\CDGA_Align_molfiles\Complex_A_midplaneZY_(arom1).mol,C:\Users\user_name\AppData\Local\Temp\CDGA_Tool_processed_molfiles\CDGA_Align_molfiles\Matching_atoms\Complex_A_midplaneZY_(arom1).csv,ok,ok,ok_axis_frame_noflip,0,ok,49,1.97537E-15,1.97537E-15,2,"147,28",147,77,49,28,15,-0.186406327,-0.186406327,31.091701631709356,8.7051E-16,ok,15,full_guest_resonance_relaxed,100,,1,ok,7.495684849816523,7.495684849816521,A: O151->O151 | B: C159->C159,15,1,3,3,1,0,1.2478338580367787,REF=[NH:148]([C@H:149]([C:150](=[O:151])[OH:152])[CH2:153][C:154]1:[CH:155]:[CH:157]:[CH:159]:[CH:158]:[CH:156]:1)[C:161]([CH3:160])=[O:162] | PRB=[NH:148]([C@H:149]([C:150](=[O:151])[OH:152])[CH2:153][C:154]1=[CH:155][CH:157]=[CH:159][CH:158]=[CH:156]1)[C:161]([CH3:160])=[O:162],REF=[N:148]([C:149]([C:150]([O:151])[O:152])[C:153][C:154]1[C:155][C:157][C:159][C:158][C:156]1)[C:161]([C:160])[O:162] | PRB=[N:148]([C:149]([C:150]([O:151])[O:152])[C:153][C:154]1[C:155][C:157][C:159][C:158][C:156]1)[C:161]([C:160])[O:162],15
Complex_A_midplaneZY (arom2),C:\Users\user_name\AppData\Local\Temp\CDGA_Tool_processed_molfiles\CDGA_Align_molfiles\Complex_A_midplaneZY_(arom2).mol,C:\Users\user_name\AppData\Local\Temp\CDGA_Tool_processed_molfiles\CDGA_Align_molfiles\Matching_atoms\Complex_A_midplaneZY_(arom2).csv,ok,ok,ok_axis_frame_noflip,0,ok,49,1.97537E-15,1.97537E-15,2,"147,28",147,77,49,28,15,-0.186406327,-0.186406327,31.091701631709356,8.7051E-16,ok,15,full_guest_resonance_relaxed,100,,1,ok,7.495684849816523,7.495684849816521,A: O151->O151 | B: C159->C159,15,1,3,3,1,0,1.2478338580367787,REF=[NH:148]([C@H:149]([C:150](=[O:151])[OH:152])[CH2:153][C:154]1:[CH:155]:[CH:157]:[CH:159]:[CH:158]:[CH:156]:1)[C:161]([CH3:160])=[O:162] | PRB=[NH:148]([C@H:149]([C:150](=[O:151])[OH:152])[CH2:153][C:154]1=[CH:156][CH:158]=[CH:159][CH:157]=[CH:155]1)[C:161]([CH3:160])=[O:162],REF=[N:148]([C:149]([C:150]([O:151])[O:152])[C:153][C:154]1[C:155][C:157][C:159][C:158][C:156]1)[C:161]([C:160])[O:162] | PRB=[N:148]([C:149]([C:150]([O:151])[O:152])[C:153][C:154]1[C:155][C:157][C:159][C:158][C:156]1)[C:161]([C:160])[O:162],15
Complex_A_midplaneZY (CH3),C:\Users\user_name\AppData\Local\Temp\CDGA_Tool_processed_molfiles\CDGA_Align_molfiles\Complex_A_midplaneZY_(CH3).mol,C:\Users\user_name\AppData\Local\Temp\CDGA_Tool_processed_molfiles\CDGA_Align_molfiles\Matching_atoms\Complex_A_midplaneZY_(CH3).csv,ok,ok,ok_axis_frame_noflip,0,ok,49,1.97537E-15,1.97537E-15,2,"147,28",147,77,49,28,13,-0.547361957,-0.547361957,14.600644351348741,7.22259E-16,ok,13,mcs,,100,1,ok,6.595396747667222,6.595396747667221,A: C150->C150 | B: C157->C159,13,2,2,4,0,1,1.3403885791052212,REF=[NH:148]([C@H:149]([C:150](=[O:151])[OH:152])[CH2:153][C:154]1:[CH:155]:[CH:157]:[CH:159]:[CH:158]:[CH:156]:1)[C:161]([CH3:160])=[O:162] | PRB=[NH:148]([C@H:149]([CH3:150])[CH2:153][C:154]1:[CH:155]:[CH:157]:[CH:159]:[CH:158]:[CH:156]:1)[C:161]([CH3:160])=[O:162],REF=[N:148]([C:149]([C:150]([O:151])[O:152])[C:153][C:154]1[C:155][C:157][C:159][C:158][C:156]1)[C:161]([C:160])[O:162] | PRB=[N:148]([C:149]([C:150])[C:153][C:154]1[C:155][C:157][C:159][C:158][C:156]1)[C:161]([C:160])[O:162],15
Complex_A_midplaneZY (COO),C:\Users\user_name\AppData\Local\Temp\CDGA_Tool_processed_molfiles\CDGA_Align_molfiles\Complex_A_midplaneZY_(COO).mol,C:\Users\user_name\AppData\Local\Temp\CDGA_Tool_processed_molfiles\CDGA_Align_molfiles\Matching_atoms\Complex_A_midplaneZY_(COO).csv,ok,ok,ok_axis_frame_noflip,0,ok,49,1.97537E-15,1.97537E-15,2,"147,27",147,77,49,27,15,-0.186406327,-0.186406327,31.091701631709356,8.7051E-16,ok,15,full_guest_strict,100,,1,ok,7.495684849816523,7.495684849816521,A: O151->O151 | B: C159->C159,15,1,3,3,1,0,1.2478338580367787,REF=[NH:148]([C@H:149]([C:150](=[O:151])[OH:152])[CH2:153][C:154]1:[CH:155]:[CH:157]:[CH:159]:[CH:158]:[CH:156]:1)[C:161]([CH3:160])=[O:162] | PRB=[NH:148]([C@H:149]([C:150](=[O:151])[OH:152])[CH2:153][C:154]1:[CH:155]:[CH:157]:[CH:159]:[CH:158]:[CH:156]:1)[C:161]([CH3:160])=[O:162],REF=[N:148]([C:149]([C:150]([O:151])[O:152])[C:153][C:154]1[C:155][C:157][C:159][C:158][C:156]1)[C:161]([C:160])[O:162] | PRB=[N:148]([C:149]([C:150]([O:151])[O:152])[C:153][C:154]1[C:155][C:157][C:159][C:158][C:156]1)[C:161]([C:160])[O:162],15
Complex_A_midplaneZY (cyclohexane),C:\Users\user_name\AppData\Local\Temp\CDGA_Tool_processed_molfiles\CDGA_Align_molfiles\Complex_A_midplaneZY_(cyclohexane).mol,C:\Users\user_name\AppData\Local\Temp\CDGA_Tool_processed_molfiles\CDGA_Align_molfiles\Matching_atoms\Complex_A_midplaneZY_(cyclohexane).csv,ok,ok,ok_axis_frame_noflip,0,ok,49,1.97537E-15,1.97537E-15,2,"147,34",147,77,49,34,15,-0.186406327,-0.186406327,31.091701631709356,8.7051E-16,ok,15,full_guest_topology_relaxed,100,,1,ok,7.495684849816523,7.495684849816521,A: O151->O151 | B: C159->C159,15,1,7,7,1,0,0.8135370771980419,REF=[NH:148]([C@H:149]([C:150](=[O:151])[OH:152])[CH2:153][C:154]1:[CH:155]:[CH:157]:[CH:159]:[CH:158]:[CH:156]:1)[C:161]([CH3:160])=[O:162] | PRB=[NH:148]([C@H:149]([C:150](=[O:151])[OH:152])[CH2:153][C@@H:154]1[CH2:155][CH2:157][CH2:159][CH2:158][CH2:156]1)[C:161]([CH3:160])=[O:162],REF=[N:148]([C:149]([C:150]([O:151])[O:152])[C:153][C:154]1[C:155][C:157][C:159][C:158][C:156]1)[C:161]([C:160])[O:162] | PRB=[N:148]([C:149]([C:150]([O:151])[O:152])[C:153][C:154]1[C:155][C:157][C:159][C:158][C:156]1)[C:161]([C:160])[O:162],15
Complex_A_midplaneZY (N),C:\Users\user_name\AppData\Local\Temp\CDGA_Tool_processed_molfiles\CDGA_Align_molfiles\Complex_A_midplaneZY_(N).mol,C:\Users\user_name\AppData\Local\Temp\CDGA_Tool_processed_molfiles\CDGA_Align_molfiles\Matching_atoms\Complex_A_midplaneZY_(N).csv,ok,ok,ok_axis_frame_noflip,0,ok,49,1.97537E-15,1.97537E-15,2,"147,28",147,77,49,28,15,-0.186406327,-0.186406327,31.091701631709356,8.65046E-16,ok,14,mcs,,93.33333333333333,1,ok,7.122329951520737,7.122329951520735,A: O151->O151 | B: C157->C157,14,2,2,4,0,1,1.2916307538187162,REF=[NH:148]([C@H:149]([C:150](=[O:151])[OH:152])[CH2:153][C:154]1:[CH:155]:[CH:157]:[CH:159]:[CH:158]:[CH:156]:1)[C:161]([CH3:160])=[O:162] | PRB=[NH:148]([C@H:149]([C:150](=[O:151])[OH:152])[CH2:153][C:154]1:[CH:155]:[CH:157]:[N:159]:[CH:158]:[CH:156]:1)[C:161]([CH3:160])=[O:162],REF=[N:148]([C:149]([C:150]([O:151])[O:152])[C:153][C:154]1[C:155][C:157][C:159][C:158][C:156]1)[C:161]([C:160])[O:162] | PRB=[N:148]([C:149]([C:150]([O:151])[O:152])[C:153][C:154]1[C:155][C:157][N:159][C:158][C:156]1)[C:161]([C:160])[O:162],15
Complex_A_midplaneZY (no arom),C:\Users\user_name\AppData\Local\Temp\CDGA_Tool_processed_molfiles\CDGA_Align_molfiles\Complex_A_midplaneZY_(no_arom).mol,C:\Users\user_name\AppData\Local\Temp\CDGA_Tool_processed_molfiles\CDGA_Align_molfiles\Matching_atoms\Complex_A_midplaneZY_(no_arom).csv,ok,ok,ok_axis_frame_noflip,0,ok,49,1.97537E-15,1.97537E-15,2,"147,28",147,77,49,28,15,-0.186406327,-0.186406327,31.091701631709356,8.7051E-16,ok,15,full_guest_topology_relaxed,100,,1,ok,7.495684849816523,7.495684849816521,A: O151->O151 | B: C159->C159,15,1,7,7,1,0,0.8135370771980419,REF=[NH:148]([C@H:149]([C:150](=[O:151])[OH:152])[CH2:153][C:154]1:[CH:155]:[CH:157]:[CH:159]:[CH:158]:[CH:156]:1)[C:161]([CH3:160])=[O:162] | PRB=[NH:148]([C@H:149]([C:150](=[O:151])[OH:152])[CH2:153][CH:154]1[CH2:155][CH2:157][CH2:159][CH2:158][CH2:156]1)[C:161]([CH3:160])=[O:162],REF=[N:148]([C:149]([C:150]([O:151])[O:152])[C:153][C:154]1[C:155][C:157][C:159][C:158][C:156]1)[C:161]([C:160])[O:162] | PRB=[N:148]([C:149]([C:150]([O:151])[O:152])[C:153][C:154]1[C:155][C:157][C:159][C:158][C:156]1)[C:161]([C:160])[O:162],15
Complex_A_midplaneZY (no CD),C:\Users\user_name\AppData\Local\Temp\CDGA_Tool_processed_molfiles\CDGA_Align_molfiles\Complex_A_midplaneZY_(no_CD).mol,,no_guest,align_failed,rims_not_found_noflip,0,host_core_mcs_too_small,0,,,1,28,28,15,6,0,0,,,,,no_guest,0,none,,,,no_guest,,,no_guest,0,0,0,0,0,0,,,,15
Complex_A_midplaneZY (no G),C:\Users\user_name\AppData\Local\Temp\CDGA_Tool_processed_molfiles\CDGA_Align_molfiles\Complex_A_midplaneZY_(no_G).mol,,no_guest,guest_match_no_guest,ok_axis_frame_noflip,0,ok,49,1.97537E-15,1.97537E-15,1,147,147,77,49,0,0,,,,,no_guest,0,none,,,,no_guest,,,no_guest,0,0,0,0,0,0,,,,15
Complex_A_midplaneZY (partial NHCO),C:\Users\user_name\AppData\Local\Temp\CDGA_Tool_processed_molfiles\CDGA_Align_molfiles\Complex_A_midplaneZY_(partial_NHCO).mol,C:\Users\user_name\AppData\Local\Temp\CDGA_Tool_processed_molfiles\CDGA_Align_molfiles\Matching_atoms\Complex_A_midplaneZY_(partial_NHCO).csv,ok,ok,ok_axis_frame_noflip,0,ok,49,1.97537E-15,1.97537E-15,2,"147,28",147,77,49,28,15,-0.186406327,-0.186406327,31.091701631709356,8.7051E-16,ok,15,full_guest_topology_relaxed,100,,1,ok,7.495684849816523,7.495684849816521,A: O151->O151 | B: C159->C159,15,1,7,7,1,0,0.8135370771980419,REF=[NH:148]([C@H:149]([C:150](=[O:151])[OH:152])[CH2:153][C:154]1:[CH:155]:[CH:157]:[CH:159]:[CH:158]:[CH:156]:1)[C:161]([CH3:160])=[O:162] | PRB=[N:148]([C@H:149]([C:150](=[O:151])[OH:152])[CH2:153][C:154]1:[CH:155]:[CH:157]:[CH:159]:[CH:158]:[CH:156]:1):[C:161]([CH3:160])=[O:162],REF=[N:148]([C:149]([C:150]([O:151])[O:152])[C:153][C:154]1[C:155][C:157][C:159][C:158][C:156]1)[C:161]([C:160])[O:162] | PRB=[N:148]([C:149]([C:150]([O:151])[O:152])[C:153][C:154]1[C:155][C:157][C:159][C:158][C:156]1)[C:161]([C:160])[O:162],15
Complex_A_midplaneZY (unmodif),C:\Users\user_name\AppData\Local\Temp\CDGA_Tool_processed_molfiles\CDGA_Align_molfiles\Complex_A_midplaneZY_(unmodif).mol,C:\Users\user_name\AppData\Local\Temp\CDGA_Tool_processed_molfiles\CDGA_Align_molfiles\Matching_atoms\Complex_A_midplaneZY_(unmodif).csv,ok,ok,ok_axis_frame_noflip,0,ok,49,1.97537E-15,1.97537E-15,2,"147,28",147,77,49,28,15,-0.186406327,-0.186406327,31.091701631709356,8.7051E-16,ok,15,full_guest_strict,100,,1,ok,7.495684849816523,7.495684849816521,A: O151->O151 | B: C159->C159,15,1,3,3,1,0,1.2478338580367787,REF=[NH:148]([C@H:149]([C:150](=[O:151])[OH:152])[CH2:153][C:154]1:[CH:155]:[CH:157]:[CH:159]:[CH:158]:[CH:156]:1)[C:161]([CH3:160])=[O:162] | PRB=[NH:148]([C@H:149]([C:150](=[O:151])[OH:152])[CH2:153][C:154]1:[CH:155]:[CH:157]:[CH:159]:[CH:158]:[CH:156]:1)[C:161]([CH3:160])=[O:162],REF=[N:148]([C:149]([C:150]([O:151])[O:152])[C:153][C:154]1[C:155][C:157][C:159][C:158][C:156]1)[C:161]([C:160])[O:162] | PRB=[N:148]([C:149]([C:150]([O:151])[O:152])[C:153][C:154]1[C:155][C:157][C:159][C:158][C:156]1)[C:161]([C:160])[O:162],15
