entry_name,saved_mol_path,mapping_csv_path,mapping_status,overall_status,n_frags_in_input,frag_sizes_in_input,host_atoms_total,host_atoms_heavy_noH,guest_atoms_total,guest_atoms_heavy_noH,guest_ref_heavy_noH,cd_axis_dot_to_ref,cd_orientation_ok,guest_depth_A_from_midpoint_to_O6,guest_depth_A_from_ref_midpoint_to_O6,guest_angle_deg_vs_axis,guest_rmsd_noH,guest_rmsd_status,guest_atoms_used_in_rmsd,guest_match_mode,guest_full_match_coverage_percent,guest_mcs_coverage_percent,guest_orientation,guest_orientation_status,guest_orientation_span_A,guest_orientation_distance_A,guest_orientation_atom_pair,guest_orientation_atoms_used,match_ref_matches_count,match_prb_matches_count,match_total_pairings,match_mapping_is_unique,match_best_rmsd_is_tie,match_best_rmsd_second_best_delta,guest_smiles_original_debug,guest_smiles_matching_debug
A_Complex_A_midplaneZY (ref_unmodif)_pf,C:\Users\user_name\AppData\Local\Temp\CDGA_Tool_processed_molfiles\CDGA_NoAlign_molfiles\A_Complex_A_midplaneZY_(ref_unmodif)_pf.mol,,ref,ref,2,"147,28",147,77,28,15,15,1,1,-0.186406327,-0.186406327,31.091701631709356,,ref,0,ref,,,,ref,,,ref,0,,,,,,,REF=[NH:148]([C@H:149]([C:150](=[O:151])[OH:152])[CH2:153][C:154]1:[CH:155]:[CH:157]:[CH:159]:[CH:158]:[CH:156]:1)[C:161]([CH3:160])=[O:162] | PRB=[NH:148]([C@H:149]([C:150](=[O:151])[OH:152])[CH2:153][C:154]1:[CH:155]:[CH:157]:[CH:159]:[CH:158]:[CH:156]:1)[C:161]([CH3:160])=[O:162],REF=[N:148]([C:149]([C:150]([O:151])[O:152])[C:153][C:154]1[C:155][C:157][C:159][C:158][C:156]1)[C:161]([C:160])[O:162] | PRB=[N:148]([C:149]([C:150]([O:151])[O:152])[C:153][C:154]1[C:155][C:157][C:159][C:158][C:156]1)[C:161]([C:160])[O:162]
Complex_A_midplaneZY ( 2A)_pf,C:\Users\user_name\AppData\Local\Temp\CDGA_Tool_processed_molfiles\CDGA_NoAlign_molfiles\Complex_A_midplaneZY_(_2A)_pf.mol,C:\Users\user_name\AppData\Local\Temp\CDGA_Tool_processed_molfiles\CDGA_NoAlign_molfiles\Matching_atoms\Complex_A_midplaneZY_(_2A)_pf.csv,ok,ok,2,"147,28",147,77,28,15,15,0.9999477090479489,1,-2.185507525,-1.996523875,31.09211655486123,1.8139447512240747,ok,15,full_guest_strict,100,,1,ok,7.495684849816523,7.495672135235233,A: O151->O151 | B: C159->C159,15,1,3,3,1,0,0.3877561694730418,REF=[NH:148]([C@H:149]([C:150](=[O:151])[OH:152])[CH2:153][C:154]1:[CH:155]:[CH:157]:[CH:159]:[CH:158]:[CH:156]:1)[C:161]([CH3:160])=[O:162] | PRB=[NH:148]([C@H:149]([C:150](=[O:151])[OH:152])[CH2:153][C:154]1:[CH:155]:[CH:157]:[CH:159]:[CH:158]:[CH:156]:1)[C:161]([CH3:160])=[O:162],REF=[N:148]([C:149]([C:150]([O:151])[O:152])[C:153][C:154]1[C:155][C:157][C:159][C:158][C:156]1)[C:161]([C:160])[O:162] | PRB=[N:148]([C:149]([C:150]([O:151])[O:152])[C:153][C:154]1[C:155][C:157][C:159][C:158][C:156]1)[C:161]([C:160])[O:162]
Complex_A_midplaneZY ( 2A_180y)_pf,C:\Users\user_name\AppData\Local\Temp\CDGA_Tool_processed_molfiles\CDGA_NoAlign_molfiles\Complex_A_midplaneZY_(_2A_180y)_pf.mol,C:\Users\user_name\AppData\Local\Temp\CDGA_Tool_processed_molfiles\CDGA_NoAlign_molfiles\Matching_atoms\Complex_A_midplaneZY_(_2A_180y)_pf.csv,ok,ok,2,"147,28",147,77,28,15,15,0.9999926721684925,1,-2.380843467,-2.315319015,32.61233253381317,5.664551089019783,ok,15,full_guest_strict,100,,0,ok,7.495684849816523,7.495632326067959,A: O151->O151 | B: C159->C159,15,1,3,3,1,0,0.13404221943682426,REF=[NH:148]([C@H:149]([C:150](=[O:151])[OH:152])[CH2:153][C:154]1:[CH:155]:[CH:157]:[CH:159]:[CH:158]:[CH:156]:1)[C:161]([CH3:160])=[O:162] | PRB=[NH:148]([C@H:149]([C:150](=[O:151])[OH:152])[CH2:153][C:154]1:[CH:155]:[CH:157]:[CH:159]:[CH:158]:[CH:156]:1)[C:161]([CH3:160])=[O:162],REF=[N:148]([C:149]([C:150]([O:151])[O:152])[C:153][C:154]1[C:155][C:157][C:159][C:158][C:156]1)[C:161]([C:160])[O:162] | PRB=[N:148]([C:149]([C:150]([O:151])[O:152])[C:153][C:154]1[C:155][C:157][C:159][C:158][C:156]1)[C:161]([C:160])[O:162]
Complex_A_midplaneZY ( 4A_complex)_pf,C:\Users\user_name\AppData\Local\Temp\CDGA_Tool_processed_molfiles\CDGA_NoAlign_molfiles\Complex_A_midplaneZY_(_4A_complex)_pf.mol,C:\Users\user_name\AppData\Local\Temp\CDGA_Tool_processed_molfiles\CDGA_NoAlign_molfiles\Matching_atoms\Complex_A_midplaneZY_(_4A_complex)_pf.csv,ok,ok,2,"147,28",147,77,28,15,15,1,1,-0.186406327,-0.186406327,31.091701631709356,0,ok,15,full_guest_strict,100,,1,ok,7.495684849816523,7.495684849816523,A: O151->O151 | B: C159->C159,15,1,3,3,1,0,1.2478338580367796,REF=[NH:148]([C@H:149]([C:150](=[O:151])[OH:152])[CH2:153][C:154]1:[CH:155]:[CH:157]:[CH:159]:[CH:158]:[CH:156]:1)[C:161]([CH3:160])=[O:162] | PRB=[NH:148]([C@H:149]([C:150](=[O:151])[OH:152])[CH2:153][C:154]1:[CH:155]:[CH:157]:[CH:159]:[CH:158]:[CH:156]:1)[C:161]([CH3:160])=[O:162],REF=[N:148]([C:149]([C:150]([O:151])[O:152])[C:153][C:154]1[C:155][C:157][C:159][C:158][C:156]1)[C:161]([C:160])[O:162] | PRB=[N:148]([C:149]([C:150]([O:151])[O:152])[C:153][C:154]1[C:155][C:157][C:159][C:158][C:156]1)[C:161]([C:160])[O:162]
Complex_A_midplaneZY (-1charge)_pf,C:\Users\user_name\AppData\Local\Temp\CDGA_Tool_processed_molfiles\CDGA_NoAlign_molfiles\Complex_A_midplaneZY_(-1charge)_pf.mol,C:\Users\user_name\AppData\Local\Temp\CDGA_Tool_processed_molfiles\CDGA_NoAlign_molfiles\Matching_atoms\Complex_A_midplaneZY_(-1charge)_pf.csv,ok,ok,2,"147,27",147,77,27,15,15,1,1,-0.186406327,-0.186406327,31.091701631709356,0,ok,15,full_guest_topology_relaxed,100,,1,ok,7.495684849816523,7.495684849816523,A: O151->O151 | B: C159->C159,15,1,4,4,1,0,0.8135370771980428,REF=[NH:148]([C@H:149]([C:150](=[O:151])[OH:152])[CH2:153][C:154]1:[CH:155]:[CH:157]:[CH:159]:[CH:158]:[CH:156]:1)[C:161]([CH3:160])=[O:162] | PRB=[NH:148]([C@H:149]([C:150](=[O:151])[O-:152])[CH2:153][C:154]1:[CH:155]:[CH:157]:[CH:159]:[CH:158]:[CH:156]:1)[C:161]([CH3:160])=[O:162],REF=[N:148]([C:149]([C:150]([O:151])[O:152])[C:153][C:154]1[C:155][C:157][C:159][C:158][C:156]1)[C:161]([C:160])[O:162] | PRB=[N:148]([C:149]([C:150]([O:151])[O-:152])[C:153][C:154]1[C:155][C:157][C:159][C:158][C:156]1)[C:161]([C:160])[O:162]
Complex_A_midplaneZY (-3A)_pf,C:\Users\user_name\AppData\Local\Temp\CDGA_Tool_processed_molfiles\CDGA_NoAlign_molfiles\Complex_A_midplaneZY_(-3A)_pf.mol,C:\Users\user_name\AppData\Local\Temp\CDGA_Tool_processed_molfiles\CDGA_NoAlign_molfiles\Matching_atoms\Complex_A_midplaneZY_(-3A)_pf.csv,ok,ok,2,"147,28",147,77,28,15,15,0.9999828489025674,1,2.812759493,2.7659722993302798,31.091218120296556,2.9540230153395473,ok,15,full_guest_strict,100,,1,ok,7.495684849816523,7.495711308,A: O151->O151 | B: C159->C159,15,1,3,3,1,0,0.25274368379069134,REF=[NH:148]([C@H:149]([C:150](=[O:151])[OH:152])[CH2:153][C:154]1:[CH:155]:[CH:157]:[CH:159]:[CH:158]:[CH:156]:1)[C:161]([CH3:160])=[O:162] | PRB=[NH:148]([C@H:149]([C:150](=[O:151])[OH:152])[CH2:153][C:154]1:[CH:155]:[CH:157]:[CH:159]:[CH:158]:[CH:156]:1)[C:161]([CH3:160])=[O:162],REF=[N:148]([C:149]([C:150]([O:151])[O:152])[C:153][C:154]1[C:155][C:157][C:159][C:158][C:156]1)[C:161]([C:160])[O:162] | PRB=[N:148]([C:149]([C:150]([O:151])[O:152])[C:153][C:154]1[C:155][C:157][C:159][C:158][C:156]1)[C:161]([C:160])[O:162]
Complex_A_midplaneZY (-50z)_pf,C:\Users\user_name\AppData\Local\Temp\CDGA_Tool_processed_molfiles\CDGA_NoAlign_molfiles\Complex_A_midplaneZY_(-50z)_pf.mol,C:\Users\user_name\AppData\Local\Temp\CDGA_Tool_processed_molfiles\CDGA_NoAlign_molfiles\Matching_atoms\Complex_A_midplaneZY_(-50z)_pf.csv,ok,ok,2,"147,28",147,77,28,15,15,0.9999980965188769,1,-0.061315916,-0.015744698,19.35951026664528,2.216502610853124,ok,15,full_guest_strict,100,,1,ok,7.495684849816523,7.4956473916454485,A: O151->O151 | B: C159->C159,15,1,3,3,1,0,0.3212275821602537,REF=[NH:148]([C@H:149]([C:150](=[O:151])[OH:152])[CH2:153][C:154]1:[CH:155]:[CH:157]:[CH:159]:[CH:158]:[CH:156]:1)[C:161]([CH3:160])=[O:162] | PRB=[NH:148]([C@H:149]([C:150](=[O:151])[OH:152])[CH2:153][C:154]1:[CH:155]:[CH:157]:[CH:159]:[CH:158]:[CH:156]:1)[C:161]([CH3:160])=[O:162],REF=[N:148]([C:149]([C:150]([O:151])[O:152])[C:153][C:154]1[C:155][C:157][C:159][C:158][C:156]1)[C:161]([C:160])[O:162] | PRB=[N:148]([C:149]([C:150]([O:151])[O:152])[C:153][C:154]1[C:155][C:157][C:159][C:158][C:156]1)[C:161]([C:160])[O:162]
Complex_A_midplaneZY (180y)_pf,C:\Users\user_name\AppData\Local\Temp\CDGA_Tool_processed_molfiles\CDGA_NoAlign_molfiles\Complex_A_midplaneZY_(180y)_pf.mol,C:\Users\user_name\AppData\Local\Temp\CDGA_Tool_processed_molfiles\CDGA_NoAlign_molfiles\Matching_atoms\Complex_A_midplaneZY_(180y)_pf.csv,ok,ok,2,"147,28",147,77,28,15,15,0.9999925711726075,1,-0.381735698,-0.422570558,32.61336315958445,5.252701047723208,ok,15,full_guest_strict,100,,0,ok,7.495684849816523,7.495701254,A: O151->O151 | B: C159->C159,15,1,3,3,1,0,0.14431007579897592,REF=[NH:148]([C@H:149]([C:150](=[O:151])[OH:152])[CH2:153][C:154]1:[CH:155]:[CH:157]:[CH:159]:[CH:158]:[CH:156]:1)[C:161]([CH3:160])=[O:162] | PRB=[NH:148]([C@H:149]([C:150](=[O:151])[OH:152])[CH2:153][C:154]1:[CH:155]:[CH:157]:[CH:159]:[CH:158]:[CH:156]:1)[C:161]([CH3:160])=[O:162],REF=[N:148]([C:149]([C:150]([O:151])[O:152])[C:153][C:154]1[C:155][C:157][C:159][C:158][C:156]1)[C:161]([C:160])[O:162] | PRB=[N:148]([C:149]([C:150]([O:151])[O:152])[C:153][C:154]1[C:155][C:157][C:159][C:158][C:156]1)[C:161]([C:160])[O:162]
Complex_A_midplaneZY (180y_complex)_pf,C:\Users\user_name\AppData\Local\Temp\CDGA_Tool_processed_molfiles\CDGA_NoAlign_molfiles\Complex_A_midplaneZY_(180y_complex)_pf.mol,C:\Users\user_name\AppData\Local\Temp\CDGA_Tool_processed_molfiles\CDGA_NoAlign_molfiles\Matching_atoms\Complex_A_midplaneZY_(180y_complex)_pf.csv,ok,ok,2,"147,28",147,77,28,15,15,1,1,-0.186406327,-0.186406327,31.091701631709356,0,ok,15,full_guest_strict,100,,1,ok,7.495684849816523,7.495684849816523,A: O151->O151 | B: C159->C159,15,1,3,3,1,0,1.2478338580367796,REF=[NH:148]([C@H:149]([C:150](=[O:151])[OH:152])[CH2:153][C:154]1:[CH:155]:[CH:157]:[CH:159]:[CH:158]:[CH:156]:1)[C:161]([CH3:160])=[O:162] | PRB=[NH:148]([C@H:149]([C:150](=[O:151])[OH:152])[CH2:153][C:154]1:[CH:155]:[CH:157]:[CH:159]:[CH:158]:[CH:156]:1)[C:161]([CH3:160])=[O:162],REF=[N:148]([C:149]([C:150]([O:151])[O:152])[C:153][C:154]1[C:155][C:157][C:159][C:158][C:156]1)[C:161]([C:160])[O:162] | PRB=[N:148]([C:149]([C:150]([O:151])[O:152])[C:153][C:154]1[C:155][C:157][C:159][C:158][C:156]1)[C:161]([C:160])[O:162]
Complex_A_midplaneZY (180z)_pf,C:\Users\user_name\AppData\Local\Temp\CDGA_Tool_processed_molfiles\CDGA_NoAlign_molfiles\Complex_A_midplaneZY_(180z)_pf.mol,C:\Users\user_name\AppData\Local\Temp\CDGA_Tool_processed_molfiles\CDGA_NoAlign_molfiles\Matching_atoms\Complex_A_midplaneZY_(180z)_pf.csv,ok,ok,2,"147,28",147,77,28,15,15,0.9999922575775115,1,-0.29914178,-0.35591332,30.731849849206647,5.223430909734421,ok,15,full_guest_strict,100,,0,ok,7.495684849816523,7.495636594209192,A: O151->O151 | B: C159->C159,15,1,3,3,1,0,0.12756942475893052,REF=[NH:148]([C@H:149]([C:150](=[O:151])[OH:152])[CH2:153][C:154]1:[CH:155]:[CH:157]:[CH:159]:[CH:158]:[CH:156]:1)[C:161]([CH3:160])=[O:162] | PRB=[NH:148]([C@H:149]([C:150](=[O:151])[OH:152])[CH2:153][C:154]1:[CH:155]:[CH:157]:[CH:159]:[CH:158]:[CH:156]:1)[C:161]([CH3:160])=[O:162],REF=[N:148]([C:149]([C:150]([O:151])[O:152])[C:153][C:154]1[C:155][C:157][C:159][C:158][C:156]1)[C:161]([C:160])[O:162] | PRB=[N:148]([C:149]([C:150]([O:151])[O:152])[C:153][C:154]1[C:155][C:157][C:159][C:158][C:156]1)[C:161]([C:160])[O:162]
Complex_A_midplaneZY (2frag)_pf,C:\Users\user_name\AppData\Local\Temp\CDGA_Tool_processed_molfiles\CDGA_NoAlign_molfiles\Complex_A_midplaneZY_(2frag)_pf.mol,C:\Users\user_name\AppData\Local\Temp\CDGA_Tool_processed_molfiles\CDGA_NoAlign_molfiles\Matching_atoms\Complex_A_midplaneZY_(2frag)_pf.csv,ok,ok,3,"147,8,20",147,77,20,11,15,1,1,-0.805994192,-0.805994192,37.843893422834135,0,ok,11,mcs,,100,1,ok,7.495684849816523,7.495684849816523,A: O151->O151 | B: C159->C159,11,2,2,4,0,1,1.457156011455949,REF=[NH:148]([C@H:149]([C:150](=[O:151])[OH:152])[CH2:153][C:154]1:[CH:155]:[CH:157]:[CH:159]:[CH:158]:[CH:156]:1)[C:161]([CH3:160])=[O:162] | PRB=[CH2:149]([C:150](=[O:151])[OH:152])[CH2:153][C:154]1:[CH:155]:[CH:157]:[CH:159]:[CH:158]:[CH:156]:1,REF=[N:148]([C:149]([C:150]([O:151])[O:152])[C:153][C:154]1[C:155][C:157][C:159][C:158][C:156]1)[C:161]([C:160])[O:162] | PRB=[C:149]([C:150]([O:151])[O:152])[C:153][C:154]1[C:155][C:157][C:159][C:158][C:156]1
Complex_A_midplaneZY (30z)_pf,C:\Users\user_name\AppData\Local\Temp\CDGA_Tool_processed_molfiles\CDGA_NoAlign_molfiles\Complex_A_midplaneZY_(30z)_pf.mol,C:\Users\user_name\AppData\Local\Temp\CDGA_Tool_processed_molfiles\CDGA_NoAlign_molfiles\Matching_atoms\Complex_A_midplaneZY_(30z)_pf.csv,ok,ok,2,"147,28",147,77,28,15,15,0.9998978290208075,1,-0.277690798,-0.353586406,60.38376199331933,1.3104117709696685,ok,15,full_guest_strict,100,,1,ok,7.495684849816523,7.495694624877142,A: O151->O151 | B: C159->C159,15,1,3,3,1,0,0.49600742501530903,REF=[NH:148]([C@H:149]([C:150](=[O:151])[OH:152])[CH2:153][C:154]1:[CH:155]:[CH:157]:[CH:159]:[CH:158]:[CH:156]:1)[C:161]([CH3:160])=[O:162] | PRB=[NH:148]([C@H:149]([C:150](=[O:151])[OH:152])[CH2:153][C:154]1:[CH:155]:[CH:157]:[CH:159]:[CH:158]:[CH:156]:1)[C:161]([CH3:160])=[O:162],REF=[N:148]([C:149]([C:150]([O:151])[O:152])[C:153][C:154]1[C:155][C:157][C:159][C:158][C:156]1)[C:161]([C:160])[O:162] | PRB=[N:148]([C:149]([C:150]([O:151])[O:152])[C:153][C:154]1[C:155][C:157][C:159][C:158][C:156]1)[C:161]([C:160])[O:162]
Complex_A_midplaneZY (4H2O)_pf,C:\Users\user_name\AppData\Local\Temp\CDGA_Tool_processed_molfiles\CDGA_NoAlign_molfiles\Complex_A_midplaneZY_(4H2O)_pf.mol,C:\Users\user_name\AppData\Local\Temp\CDGA_Tool_processed_molfiles\CDGA_NoAlign_molfiles\Matching_atoms\Complex_A_midplaneZY_(4H2O)_pf.csv,ok,ok,6,"147,28,3,3,3,3",147,77,28,15,15,0.9999968507509018,1,-0.186409768,-0.160722419,31.091115967478558,0.032448270475420246,ok,15,full_guest_strict,100,,1,ok,7.495684849816523,7.495725276,A: O151->O151 | B: C159->C159,15,1,3,3,1,0,1.2157970623667969,REF=[NH:148]([C@H:149]([C:150](=[O:151])[OH:152])[CH2:153][C:154]1:[CH:155]:[CH:157]:[CH:159]:[CH:158]:[CH:156]:1)[C:161]([CH3:160])=[O:162] | PRB=[NH:148]([C@H:149]([C:150](=[O:151])[OH:152])[CH2:153][C:154]1:[CH:155]:[CH:157]:[CH:159]:[CH:158]:[CH:156]:1)[C:161]([CH3:160])=[O:162],REF=[N:148]([C:149]([C:150]([O:151])[O:152])[C:153][C:154]1[C:155][C:157][C:159][C:158][C:156]1)[C:161]([C:160])[O:162] | PRB=[N:148]([C:149]([C:150]([O:151])[O:152])[C:153][C:154]1[C:155][C:157][C:159][C:158][C:156]1)[C:161]([C:160])[O:162]
Complex_A_midplaneZY (90z_complex)_pf,C:\Users\user_name\AppData\Local\Temp\CDGA_Tool_processed_molfiles\CDGA_NoAlign_molfiles\Complex_A_midplaneZY_(90z_complex)_pf.mol,C:\Users\user_name\AppData\Local\Temp\CDGA_Tool_processed_molfiles\CDGA_NoAlign_molfiles\Matching_atoms\Complex_A_midplaneZY_(90z_complex)_pf.csv,ok,ok,2,"147,28",147,77,28,15,15,1,1,-0.186406327,-0.186406327,31.091701631709356,0,ok,15,full_guest_strict,100,,1,ok,7.495684849816523,7.495684849816523,A: O151->O151 | B: C159->C159,15,1,3,3,1,0,1.2478338580367796,REF=[NH:148]([C@H:149]([C:150](=[O:151])[OH:152])[CH2:153][C:154]1:[CH:155]:[CH:157]:[CH:159]:[CH:158]:[CH:156]:1)[C:161]([CH3:160])=[O:162] | PRB=[NH:148]([C@H:149]([C:150](=[O:151])[OH:152])[CH2:153][C:154]1:[CH:155]:[CH:157]:[CH:159]:[CH:158]:[CH:156]:1)[C:161]([CH3:160])=[O:162],REF=[N:148]([C:149]([C:150]([O:151])[O:152])[C:153][C:154]1[C:155][C:157][C:159][C:158][C:156]1)[C:161]([C:160])[O:162] | PRB=[N:148]([C:149]([C:150]([O:151])[O:152])[C:153][C:154]1[C:155][C:157][C:159][C:158][C:156]1)[C:161]([C:160])[O:162]
Complex_A_midplaneZY (arom1)_pf,C:\Users\user_name\AppData\Local\Temp\CDGA_Tool_processed_molfiles\CDGA_NoAlign_molfiles\Complex_A_midplaneZY_(arom1)_pf.mol,C:\Users\user_name\AppData\Local\Temp\CDGA_Tool_processed_molfiles\CDGA_NoAlign_molfiles\Matching_atoms\Complex_A_midplaneZY_(arom1)_pf.csv,ok,ok,2,"147,28",147,77,28,15,15,1,1,-0.186406327,-0.186406327,31.091701631709356,0,ok,15,full_guest_resonance_relaxed,100,,1,ok,7.495684849816523,7.495684849816523,A: O151->O151 | B: C159->C159,15,1,3,3,1,0,1.2478338580367796,REF=[NH:148]([C@H:149]([C:150](=[O:151])[OH:152])[CH2:153][C:154]1:[CH:155]:[CH:157]:[CH:159]:[CH:158]:[CH:156]:1)[C:161]([CH3:160])=[O:162] | PRB=[NH:148]([C@H:149]([C:150](=[O:151])[OH:152])[CH2:153][C:154]1=[CH:155][CH:157]=[CH:159][CH:158]=[CH:156]1)[C:161]([CH3:160])=[O:162],REF=[N:148]([C:149]([C:150]([O:151])[O:152])[C:153][C:154]1[C:155][C:157][C:159][C:158][C:156]1)[C:161]([C:160])[O:162] | PRB=[N:148]([C:149]([C:150]([O:151])[O:152])[C:153][C:154]1[C:155][C:157][C:159][C:158][C:156]1)[C:161]([C:160])[O:162]
Complex_A_midplaneZY (arom2)_pf,C:\Users\user_name\AppData\Local\Temp\CDGA_Tool_processed_molfiles\CDGA_NoAlign_molfiles\Complex_A_midplaneZY_(arom2)_pf.mol,C:\Users\user_name\AppData\Local\Temp\CDGA_Tool_processed_molfiles\CDGA_NoAlign_molfiles\Matching_atoms\Complex_A_midplaneZY_(arom2)_pf.csv,ok,ok,2,"147,28",147,77,28,15,15,1,1,-0.186406327,-0.186406327,31.091701631709356,0,ok,15,full_guest_resonance_relaxed,100,,1,ok,7.495684849816523,7.495684849816523,A: O151->O151 | B: C159->C159,15,1,3,3,1,0,1.2478338580367796,REF=[NH:148]([C@H:149]([C:150](=[O:151])[OH:152])[CH2:153][C:154]1:[CH:155]:[CH:157]:[CH:159]:[CH:158]:[CH:156]:1)[C:161]([CH3:160])=[O:162] | PRB=[NH:148]([C@H:149]([C:150](=[O:151])[OH:152])[CH2:153][C:154]1=[CH:156][CH:158]=[CH:159][CH:157]=[CH:155]1)[C:161]([CH3:160])=[O:162],REF=[N:148]([C:149]([C:150]([O:151])[O:152])[C:153][C:154]1[C:155][C:157][C:159][C:158][C:156]1)[C:161]([C:160])[O:162] | PRB=[N:148]([C:149]([C:150]([O:151])[O:152])[C:153][C:154]1[C:155][C:157][C:159][C:158][C:156]1)[C:161]([C:160])[O:162]
Complex_A_midplaneZY (CH3)_pf,C:\Users\user_name\AppData\Local\Temp\CDGA_Tool_processed_molfiles\CDGA_NoAlign_molfiles\Complex_A_midplaneZY_(CH3)_pf.mol,C:\Users\user_name\AppData\Local\Temp\CDGA_Tool_processed_molfiles\CDGA_NoAlign_molfiles\Matching_atoms\Complex_A_midplaneZY_(CH3)_pf.csv,ok,ok,2,"147,28",147,77,28,13,15,0.9999994855444273,1,-0.547351547,-0.546865661,14.600129993002735,0.003042639,ok,13,mcs,,100,1,ok,6.595396747667222,6.595397168812304,A: C150->C150 | B: C157->C159,13,2,2,4,0,1,1.3373258731739588,REF=[NH:148]([C@H:149]([C:150](=[O:151])[OH:152])[CH2:153][C:154]1:[CH:155]:[CH:157]:[CH:159]:[CH:158]:[CH:156]:1)[C:161]([CH3:160])=[O:162] | PRB=[NH:148]([C@H:149]([CH3:150])[CH2:151][C:152]1:[CH:153]:[CH:155]:[CH:157]:[CH:156]:[CH:154]:1)[C:159]([CH3:158])=[O:160],REF=[N:148]([C:149]([C:150]([O:151])[O:152])[C:153][C:154]1[C:155][C:157][C:159][C:158][C:156]1)[C:161]([C:160])[O:162] | PRB=[N:148]([C:149]([C:150])[C:151][C:152]1[C:153][C:155][C:157][C:156][C:154]1)[C:159]([C:158])[O:160]
Complex_A_midplaneZY (COO)_pf,C:\Users\user_name\AppData\Local\Temp\CDGA_Tool_processed_molfiles\CDGA_NoAlign_molfiles\Complex_A_midplaneZY_(COO)_pf.mol,C:\Users\user_name\AppData\Local\Temp\CDGA_Tool_processed_molfiles\CDGA_NoAlign_molfiles\Matching_atoms\Complex_A_midplaneZY_(COO)_pf.csv,ok,ok,2,"147,27",147,77,27,15,15,1,1,-0.186406327,-0.186406327,31.091701631709356,0,ok,15,full_guest_strict,100,,1,ok,7.495684849816523,7.495684849816523,A: O151->O151 | B: C159->C159,15,1,3,3,1,0,1.2478338580367796,REF=[NH:148]([C@H:149]([C:150](=[O:151])[OH:152])[CH2:153][C:154]1:[CH:155]:[CH:157]:[CH:159]:[CH:158]:[CH:156]:1)[C:161]([CH3:160])=[O:162] | PRB=[NH:148]([C@H:149]([C:150](=[O:151])[OH:152])[CH2:153][C:154]1:[CH:155]:[CH:157]:[CH:159]:[CH:158]:[CH:156]:1)[C:161]([CH3:160])=[O:162],REF=[N:148]([C:149]([C:150]([O:151])[O:152])[C:153][C:154]1[C:155][C:157][C:159][C:158][C:156]1)[C:161]([C:160])[O:162] | PRB=[N:148]([C:149]([C:150]([O:151])[O:152])[C:153][C:154]1[C:155][C:157][C:159][C:158][C:156]1)[C:161]([C:160])[O:162]
Complex_A_midplaneZY (cyclohexane)_pf,C:\Users\user_name\AppData\Local\Temp\CDGA_Tool_processed_molfiles\CDGA_NoAlign_molfiles\Complex_A_midplaneZY_(cyclohexane)_pf.mol,C:\Users\user_name\AppData\Local\Temp\CDGA_Tool_processed_molfiles\CDGA_NoAlign_molfiles\Matching_atoms\Complex_A_midplaneZY_(cyclohexane)_pf.csv,ok,ok,2,"147,34",147,77,34,15,15,0.9999991954711962,1,-0.18639828,-0.184090803,31.091961937623417,0.004068999,ok,15,full_guest_topology_relaxed,100,,1,ok,7.495684849816523,7.495704970536896,A: O151->O151 | B: C159->C159,15,1,7,7,1,0,0.8094800026202059,REF=[NH:148]([C@H:149]([C:150](=[O:151])[OH:152])[CH2:153][C:154]1:[CH:155]:[CH:157]:[CH:159]:[CH:158]:[CH:156]:1)[C:161]([CH3:160])=[O:162] | PRB=[NH:148]([C@H:149]([C:150](=[O:151])[OH:152])[CH2:153][C@@H:154]1[CH2:155][CH2:157][CH2:159][CH2:158][CH2:156]1)[C:161]([CH3:160])=[O:162],REF=[N:148]([C:149]([C:150]([O:151])[O:152])[C:153][C:154]1[C:155][C:157][C:159][C:158][C:156]1)[C:161]([C:160])[O:162] | PRB=[N:148]([C:149]([C:150]([O:151])[O:152])[C:153][C:154]1[C:155][C:157][C:159][C:158][C:156]1)[C:161]([C:160])[O:162]
Complex_A_midplaneZY (N)_pf,C:\Users\user_name\AppData\Local\Temp\CDGA_Tool_processed_molfiles\CDGA_NoAlign_molfiles\Complex_A_midplaneZY_(N)_pf.mol,C:\Users\user_name\AppData\Local\Temp\CDGA_Tool_processed_molfiles\CDGA_NoAlign_molfiles\Matching_atoms\Complex_A_midplaneZY_(N)_pf.csv,ok,ok,2,"147,28",147,77,28,15,15,1,1,-0.186406327,-0.186406327,31.091701631709356,0,ok,14,mcs,,93.33333333333333,1,ok,7.122329951520737,7.122329951520737,A: O151->O151 | B: C157->C157,14,2,2,4,0,1,1.291630753818717,REF=[NH:148]([C@H:149]([C:150](=[O:151])[OH:152])[CH2:153][C:154]1:[CH:155]:[CH:157]:[CH:159]:[CH:158]:[CH:156]:1)[C:161]([CH3:160])=[O:162] | PRB=[NH:148]([C@H:149]([C:150](=[O:151])[OH:152])[CH2:153][C:154]1:[CH:155]:[CH:157]:[N:159]:[CH:158]:[CH:156]:1)[C:161]([CH3:160])=[O:162],REF=[N:148]([C:149]([C:150]([O:151])[O:152])[C:153][C:154]1[C:155][C:157][C:159][C:158][C:156]1)[C:161]([C:160])[O:162] | PRB=[N:148]([C:149]([C:150]([O:151])[O:152])[C:153][C:154]1[C:155][C:157][N:159][C:158][C:156]1)[C:161]([C:160])[O:162]
Complex_A_midplaneZY (no arom)_pf,C:\Users\user_name\AppData\Local\Temp\CDGA_Tool_processed_molfiles\CDGA_NoAlign_molfiles\Complex_A_midplaneZY_(no_arom)_pf.mol,C:\Users\user_name\AppData\Local\Temp\CDGA_Tool_processed_molfiles\CDGA_NoAlign_molfiles\Matching_atoms\Complex_A_midplaneZY_(no_arom)_pf.csv,ok,ok,2,"147,28",147,77,28,15,15,1,1,-0.186406327,-0.186406327,31.091701631709356,0,ok,15,full_guest_topology_relaxed,100,,1,ok,7.495684849816523,7.495684849816523,A: O151->O151 | B: C159->C159,15,1,7,7,1,0,0.8135370771980428,REF=[NH:148]([C@H:149]([C:150](=[O:151])[OH:152])[CH2:153][C:154]1:[CH:155]:[CH:157]:[CH:159]:[CH:158]:[CH:156]:1)[C:161]([CH3:160])=[O:162] | PRB=[NH:148]([C@H:149]([C:150](=[O:151])[OH:152])[CH2:153][CH:154]1[CH2:155][CH2:157][CH2:159][CH2:158][CH2:156]1)[C:161]([CH3:160])=[O:162],REF=[N:148]([C:149]([C:150]([O:151])[O:152])[C:153][C:154]1[C:155][C:157][C:159][C:158][C:156]1)[C:161]([C:160])[O:162] | PRB=[N:148]([C:149]([C:150]([O:151])[O:152])[C:153][C:154]1[C:155][C:157][C:159][C:158][C:156]1)[C:161]([C:160])[O:162]
Complex_A_midplaneZY (no CD)_pf,C:\Users\user_name\AppData\Local\Temp\CDGA_Tool_processed_molfiles\CDGA_NoAlign_molfiles\Complex_A_midplaneZY_(no_CD)_pf.mol,,probe_cd_axis_missing,guest_match_probe_cd_axis_missing,1,28,28,15,0,0,15,,,,,,,probe_cd_axis_missing,0,none,,,,probe_cd_axis_missing,,,probe_cd_axis_missing,0,,,,,,,,
Complex_A_midplaneZY (no G)_pf,C:\Users\user_name\AppData\Local\Temp\CDGA_Tool_processed_molfiles\CDGA_NoAlign_molfiles\Complex_A_midplaneZY_(no_G)_pf.mol,,no_guest,guest_match_no_guest,1,147,147,77,0,0,15,0.9999987339061882,1,,,,,no_guest,0,none,,,,no_guest,,,no_guest,0,0,0,0,0,0,,,
Complex_A_midplaneZY (partial NHCO)_pf,C:\Users\user_name\AppData\Local\Temp\CDGA_Tool_processed_molfiles\CDGA_NoAlign_molfiles\Complex_A_midplaneZY_(partial_NHCO)_pf.mol,C:\Users\user_name\AppData\Local\Temp\CDGA_Tool_processed_molfiles\CDGA_NoAlign_molfiles\Matching_atoms\Complex_A_midplaneZY_(partial_NHCO)_pf.csv,ok,ok,2,"147,28",147,77,28,15,15,1,1,-0.186406327,-0.186406327,31.091701631709356,0,ok,15,full_guest_topology_relaxed,100,,1,ok,7.495684849816523,7.495684849816523,A: O151->O151 | B: C159->C159,15,1,7,7,1,0,0.8135370771980428,REF=[NH:148]([C@H:149]([C:150](=[O:151])[OH:152])[CH2:153][C:154]1:[CH:155]:[CH:157]:[CH:159]:[CH:158]:[CH:156]:1)[C:161]([CH3:160])=[O:162] | PRB=[N:148]([C@H:149]([C:150](=[O:151])[OH:152])[CH2:153][C:154]1:[CH:155]:[CH:157]:[CH:159]:[CH:158]:[CH:156]:1):[C:161]([CH3:160])=[O:162],REF=[N:148]([C:149]([C:150]([O:151])[O:152])[C:153][C:154]1[C:155][C:157][C:159][C:158][C:156]1)[C:161]([C:160])[O:162] | PRB=[N:148]([C:149]([C:150]([O:151])[O:152])[C:153][C:154]1[C:155][C:157][C:159][C:158][C:156]1)[C:161]([C:160])[O:162]
Complex_A_midplaneZY (unmodif)_pf,C:\Users\user_name\AppData\Local\Temp\CDGA_Tool_processed_molfiles\CDGA_NoAlign_molfiles\Complex_A_midplaneZY_(unmodif)_pf.mol,C:\Users\user_name\AppData\Local\Temp\CDGA_Tool_processed_molfiles\CDGA_NoAlign_molfiles\Matching_atoms\Complex_A_midplaneZY_(unmodif)_pf.csv,ok,ok,2,"147,28",147,77,28,15,15,1,1,-0.186406327,-0.186406327,31.091701631709356,0,ok,15,full_guest_strict,100,,1,ok,7.495684849816523,7.495684849816523,A: O151->O151 | B: C159->C159,15,1,3,3,1,0,1.2478338580367796,REF=[NH:148]([C@H:149]([C:150](=[O:151])[OH:152])[CH2:153][C:154]1:[CH:155]:[CH:157]:[CH:159]:[CH:158]:[CH:156]:1)[C:161]([CH3:160])=[O:162] | PRB=[NH:148]([C@H:149]([C:150](=[O:151])[OH:152])[CH2:153][C:154]1:[CH:155]:[CH:157]:[CH:159]:[CH:158]:[CH:156]:1)[C:161]([CH3:160])=[O:162],REF=[N:148]([C:149]([C:150]([O:151])[O:152])[C:153][C:154]1[C:155][C:157][C:159][C:158][C:156]1)[C:161]([C:160])[O:162] | PRB=[N:148]([C:149]([C:150]([O:151])[O:152])[C:153][C:154]1[C:155][C:157][C:159][C:158][C:156]1)[C:161]([C:160])[O:162]
